gene,group,bin,n,mean,zc
Abca1,Sham,0,3420,1.0507442951202393,-0.7282628
Abca1,Sham,1,3419,0.827713131904602,-0.5630905
Abca1,Sham,2,3420,0.7985618710517883,-0.48928714
Abca1,Sham,3,3419,0.7906055450439453,-0.44062132
Abca1,Sham,4,3419,0.7640162110328674,-0.39919755
Abca1,Sham,5,3420,0.7644379138946533,-0.35999492
Abca1,Sham,6,3419,0.771587073802948,-0.32021022
Abca1,Sham,7,3420,0.7551953196525574,-0.27493734000000003
Abca1,Sham,8,3419,0.764171302318573,-0.21551788
Abca1,Sham,9,3420,0.8571911454200745,-0.11035838749999999
Abca1,CLP,0,3295,1.7298047542572021,-0.7252295
Abca1,CLP,1,3295,1.7357392311096191,-0.6332191
Abca1,CLP,2,3295,1.7414425611495972,-0.56623507
Abca1,CLP,3,3295,1.7514052391052246,-0.5058848
Abca1,CLP,4,3295,1.734862208366394,-0.4482787
Abca1,CLP,5,3295,1.7169898748397827,-0.38891482
Abca1,CLP,6,3295,1.6809334754943848,-0.3239999
Abca1,CLP,7,3295,1.612388253211975,-0.2528145
Abca1,CLP,8,3295,1.5538060665130615,-0.17021167
Abca1,CLP,9,3295,1.6225299835205078,-0.053990714
Abcg1,Sham,0,3420,0.028256315737962723,-0.7282628
Abcg1,Sham,1,3419,0.021943723782896996,-0.5630905
Abcg1,Sham,2,3420,0.030366195365786552,-0.48928714
Abcg1,Sham,3,3419,0.029311003163456917,-0.44062132
Abcg1,Sham,4,3419,0.03049416095018387,-0.39919755
Abcg1,Sham,5,3420,0.027626004070043564,-0.35999492
Abcg1,Sham,6,3419,0.03694089129567146,-0.32021022
Abcg1,Sham,7,3420,0.037671588361263275,-0.27493734000000003
Abcg1,Sham,8,3419,0.04454849287867546,-0.21551788
Abcg1,Sham,9,3420,0.05619995296001434,-0.11035838749999999
Abcg1,CLP,0,3295,0.016875913366675377,-0.7252295
Abcg1,CLP,1,3295,0.014551718719303608,-0.6332191
Abcg1,CLP,2,3295,0.01655859313905239,-0.56623507
Abcg1,CLP,3,3295,0.01969766989350319,-0.5058848
Abcg1,CLP,4,3295,0.024438124150037766,-0.4482787
Abcg1,CLP,5,3295,0.03250638395547867,-0.38891482
Abcg1,CLP,6,3295,0.03770395740866661,-0.3239999
Abcg1,CLP,7,3295,0.06543411314487457,-0.2528145
Abcg1,CLP,8,3295,0.07385970652103424,-0.17021167
Abcg1,CLP,9,3295,0.07017187029123306,-0.053990714
Pltp,Sham,0,3420,0.05829164385795593,-0.7282628
Pltp,Sham,1,3419,0.06308052688837051,-0.5630905
Pltp,Sham,2,3420,0.06592127680778503,-0.48928714
Pltp,Sham,3,3419,0.061172544956207275,-0.44062132
Pltp,Sham,4,3419,0.0719972476363182,-0.39919755
Pltp,Sham,5,3420,0.06988231092691422,-0.35999492
Pltp,Sham,6,3419,0.06679185479879379,-0.32021022
Pltp,Sham,7,3420,0.09425488859415054,-0.27493734000000003
Pltp,Sham,8,3419,0.08771783858537674,-0.21551788
Pltp,Sham,9,3420,0.0970582365989685,-0.11035838749999999
Pltp,CLP,0,3295,0.03588194400072098,-0.7252295
Pltp,CLP,1,3295,0.04035842791199684,-0.6332191
Pltp,CLP,2,3295,0.05002342164516449,-0.56623507
Pltp,CLP,3,3295,0.07030954957008362,-0.5058848
Pltp,CLP,4,3295,0.059918295592069626,-0.4482787
Pltp,CLP,5,3295,0.07251475006341934,-0.38891482
Pltp,CLP,6,3295,0.07839112728834152,-0.3239999
Pltp,CLP,7,3295,0.10549227148294449,-0.2528145
Pltp,CLP,8,3295,0.12622812390327454,-0.17021167
Pltp,CLP,9,3295,0.12256070226430893,-0.053990714
Abcg5,Sham,0,3420,0.6056126356124878,-0.7282628
Abcg5,Sham,1,3419,0.434844970703125,-0.5630905
Abcg5,Sham,2,3420,0.3883380591869354,-0.48928714
Abcg5,Sham,3,3419,0.3748992383480072,-0.44062132
Abcg5,Sham,4,3419,0.38941821455955505,-0.39919755
Abcg5,Sham,5,3420,0.37116360664367676,-0.35999492
Abcg5,Sham,6,3419,0.36863094568252563,-0.32021022
Abcg5,Sham,7,3420,0.3803810775279999,-0.27493734000000003
Abcg5,Sham,8,3419,0.35151442885398865,-0.21551788
Abcg5,Sham,9,3420,0.4260376989841461,-0.11035838749999999
Abcg5,CLP,0,3295,0.36104944348335266,-0.7252295
Abcg5,CLP,1,3295,0.3789214491844177,-0.6332191
Abcg5,CLP,2,3295,0.38205093145370483,-0.56623507
Abcg5,CLP,3,3295,0.3645123243331909,-0.5058848
Abcg5,CLP,4,3295,0.35186490416526794,-0.4482787
Abcg5,CLP,5,3295,0.34878674149513245,-0.38891482
Abcg5,CLP,6,3295,0.3088141679763794,-0.3239999
Abcg5,CLP,7,3295,0.24981153011322021,-0.2528145
Abcg5,CLP,8,3295,0.18533779680728912,-0.17021167
Abcg5,CLP,9,3295,0.2124631404876709,-0.053990714
Abcg8,Sham,0,3420,0.673974335193634,-0.7282628
Abcg8,Sham,1,3419,0.5254725217819214,-0.5630905
Abcg8,Sham,2,3420,0.47189512848854065,-0.48928714
Abcg8,Sham,3,3419,0.4871324896812439,-0.44062132
Abcg8,Sham,4,3419,0.4666315019130707,-0.39919755
Abcg8,Sham,5,3420,0.46480894088745117,-0.35999492
Abcg8,Sham,6,3419,0.4467708170413971,-0.32021022
Abcg8,Sham,7,3420,0.4525521993637085,-0.27493734000000003
Abcg8,Sham,8,3419,0.4766482710838318,-0.21551788
Abcg8,Sham,9,3420,0.49516382813453674,-0.11035838749999999
Abcg8,CLP,0,3295,0.3250972032546997,-0.7252295
Abcg8,CLP,1,3295,0.34757643938064575,-0.6332191
Abcg8,CLP,2,3295,0.3423820734024048,-0.56623507
Abcg8,CLP,3,3295,0.34038472175598145,-0.5058848
Abcg8,CLP,4,3295,0.34531348943710327,-0.4482787
Abcg8,CLP,5,3295,0.33733636140823364,-0.38891482
Abcg8,CLP,6,3295,0.3214409649372101,-0.3239999
Abcg8,CLP,7,3295,0.264293372631073,-0.2528145
Abcg8,CLP,8,3295,0.20785383880138397,-0.17021167
Abcg8,CLP,9,3295,0.19999659061431885,-0.053990714
Abcb11,Sham,0,3420,1.5999675989151,-0.7282628
Abcb11,Sham,1,3419,1.1440527439117432,-0.5630905
Abcb11,Sham,2,3420,1.018530249595642,-0.48928714
Abcb11,Sham,3,3419,1.0463136434555054,-0.44062132
Abcb11,Sham,4,3419,1.0242761373519897,-0.39919755
Abcb11,Sham,5,3420,1.0256224870681763,-0.35999492
Abcb11,Sham,6,3419,0.9768293499946594,-0.32021022
Abcb11,Sham,7,3420,0.9881765246391296,-0.27493734000000003
Abcb11,Sham,8,3419,1.0009117126464844,-0.21551788
Abcb11,Sham,9,3420,1.050092101097107,-0.11035838749999999
Abcb11,CLP,0,3295,1.705177664756775,-0.7252295
Abcb11,CLP,1,3295,1.5714932680130005,-0.6332191
Abcb11,CLP,2,3295,1.4665108919143677,-0.56623507
Abcb11,CLP,3,3295,1.3333003520965576,-0.5058848
Abcb11,CLP,4,3295,1.2952677011489868,-0.4482787
Abcb11,CLP,5,3295,1.224838376045227,-0.38891482
Abcb11,CLP,6,3295,1.14017653465271,-0.3239999
Abcb11,CLP,7,3295,0.9192704558372498,-0.2528145
Abcb11,CLP,8,3295,0.7328842878341675,-0.17021167
Abcb11,CLP,9,3295,0.8585728406906128,-0.053990714
Abcb4,Sham,0,3420,1.6355150938034058,-0.7282628
Abcb4,Sham,1,3419,1.0651780366897583,-0.5630905
Abcb4,Sham,2,3420,0.9894511103630066,-0.48928714
Abcb4,Sham,3,3419,0.9862203598022461,-0.44062132
Abcb4,Sham,4,3419,0.9329865574836731,-0.39919755
Abcb4,Sham,5,3420,0.9816352128982544,-0.35999492
Abcb4,Sham,6,3419,0.9699538946151733,-0.32021022
Abcb4,Sham,7,3420,0.9484968781471252,-0.27493734000000003
Abcb4,Sham,8,3419,0.9755174517631531,-0.21551788
Abcb4,Sham,9,3420,1.1822996139526367,-0.11035838749999999
Abcb4,CLP,0,3295,1.2326101064682007,-0.7252295
Abcb4,CLP,1,3295,1.2713549137115479,-0.6332191
Abcb4,CLP,2,3295,1.3133221864700317,-0.56623507
Abcb4,CLP,3,3295,1.3401291370391846,-0.5058848
Abcb4,CLP,4,3295,1.3279861211776733,-0.4482787
Abcb4,CLP,5,3295,1.2590670585632324,-0.38891482
Abcb4,CLP,6,3295,1.2130451202392578,-0.3239999
Abcb4,CLP,7,3295,1.066460371017456,-0.2528145
Abcb4,CLP,8,3295,0.9048537015914917,-0.17021167
Abcb4,CLP,9,3295,1.0056055784225464,-0.053990714
Abcc2,Sham,0,3420,1.936911940574646,-0.7282628
Abcc2,Sham,1,3419,1.96829354763031,-0.5630905
Abcc2,Sham,2,3420,1.9571458101272583,-0.48928714
Abcc2,Sham,3,3419,1.960768461227417,-0.44062132
Abcc2,Sham,4,3419,1.9716030359268188,-0.39919755
Abcc2,Sham,5,3420,1.9307862520217896,-0.35999492
Abcc2,Sham,6,3419,1.933255910873413,-0.32021022
Abcc2,Sham,7,3420,1.9094080924987793,-0.27493734000000003
Abcc2,Sham,8,3419,1.8681217432022095,-0.21551788
Abcc2,Sham,9,3420,1.909026026725769,-0.11035838749999999
Abcc2,CLP,0,3295,1.8662761449813843,-0.7252295
Abcc2,CLP,1,3295,1.8657705783843994,-0.6332191
Abcc2,CLP,2,3295,1.8540650606155396,-0.56623507
Abcc2,CLP,3,3295,1.8617814779281616,-0.5058848
Abcc2,CLP,4,3295,1.8277448415756226,-0.4482787
Abcc2,CLP,5,3295,1.785461187362671,-0.38891482
Abcc2,CLP,6,3295,1.7128227949142456,-0.3239999
Abcc2,CLP,7,3295,1.5195592641830444,-0.2528145
Abcc2,CLP,8,3295,1.2921044826507568,-0.17021167
Abcc2,CLP,9,3295,1.4480807781219482,-0.053990714
Atp8b1,Sham,0,3420,0.5963329076766968,-0.7282628
Atp8b1,Sham,1,3419,0.3236377239227295,-0.5630905
Atp8b1,Sham,2,3420,0.27915632724761963,-0.48928714
Atp8b1,Sham,3,3419,0.26895514130592346,-0.44062132
Atp8b1,Sham,4,3419,0.2408902496099472,-0.39919755
Atp8b1,Sham,5,3420,0.25188344717025757,-0.35999492
Atp8b1,Sham,6,3419,0.25126704573631287,-0.32021022
Atp8b1,Sham,7,3420,0.25490760803222656,-0.27493734000000003
Atp8b1,Sham,8,3419,0.2534184753894806,-0.21551788
Atp8b1,Sham,9,3420,0.31996431946754456,-0.11035838749999999
Atp8b1,CLP,0,3295,1.372704267501831,-0.7252295
Atp8b1,CLP,1,3295,1.2695235013961792,-0.6332191
Atp8b1,CLP,2,3295,1.2064987421035767,-0.56623507
Atp8b1,CLP,3,3295,1.1482113599777222,-0.5058848
Atp8b1,CLP,4,3295,1.1075024604797363,-0.4482787
Atp8b1,CLP,5,3295,1.0719289779663086,-0.38891482
Atp8b1,CLP,6,3295,0.9893608093261719,-0.3239999
Atp8b1,CLP,7,3295,0.9052735567092896,-0.2528145
Atp8b1,CLP,8,3295,0.7750838994979858,-0.17021167
Atp8b1,CLP,9,3295,0.9056641459465027,-0.053990714
Cyp7a1,Sham,0,3420,0.47206005454063416,-0.7282628
Cyp7a1,Sham,1,3419,1.4384396076202393,-0.5630905
Cyp7a1,Sham,2,3420,1.5721197128295898,-0.48928714
Cyp7a1,Sham,3,3419,1.5814727544784546,-0.44062132
Cyp7a1,Sham,4,3419,1.630037784576416,-0.39919755
Cyp7a1,Sham,5,3420,1.592885971069336,-0.35999492
Cyp7a1,Sham,6,3419,1.5980111360549927,-0.32021022
Cyp7a1,Sham,7,3420,1.575874924659729,-0.27493734000000003
Cyp7a1,Sham,8,3419,1.5207563638687134,-0.21551788
Cyp7a1,Sham,9,3420,1.5164905786514282,-0.11035838749999999
Cyp7a1,CLP,0,3295,0.09495601058006287,-0.7252295
Cyp7a1,CLP,1,3295,0.10016191750764847,-0.6332191
Cyp7a1,CLP,2,3295,0.12046200037002563,-0.56623507
Cyp7a1,CLP,3,3295,0.12168280780315399,-0.5058848
Cyp7a1,CLP,4,3295,0.1670503318309784,-0.4482787
Cyp7a1,CLP,5,3295,0.1879873126745224,-0.38891482
Cyp7a1,CLP,6,3295,0.19999496638774872,-0.3239999
Cyp7a1,CLP,7,3295,0.16628362238407135,-0.2528145
Cyp7a1,CLP,8,3295,0.1567637175321579,-0.17021167
Cyp7a1,CLP,9,3295,0.34145280718803406,-0.053990714
Cyp8b1,Sham,0,3420,0.5603324174880981,-0.7282628
Cyp8b1,Sham,1,3419,0.6570303440093994,-0.5630905
Cyp8b1,Sham,2,3420,0.6619480848312378,-0.48928714
Cyp8b1,Sham,3,3419,0.6952876448631287,-0.44062132
Cyp8b1,Sham,4,3419,0.6643388271331787,-0.39919755
Cyp8b1,Sham,5,3420,0.6466947793960571,-0.35999492
Cyp8b1,Sham,6,3419,0.6809353828430176,-0.32021022
Cyp8b1,Sham,7,3420,0.6987482905387878,-0.27493734000000003
Cyp8b1,Sham,8,3419,0.6439398527145386,-0.21551788
Cyp8b1,Sham,9,3420,0.675269365310669,-0.11035838749999999
Cyp8b1,CLP,0,3295,0.16489773988723755,-0.7252295
Cyp8b1,CLP,1,3295,0.18760083615779877,-0.6332191
Cyp8b1,CLP,2,3295,0.22472022473812103,-0.56623507
Cyp8b1,CLP,3,3295,0.22887872159481049,-0.5058848
Cyp8b1,CLP,4,3295,0.22664305567741394,-0.4482787
Cyp8b1,CLP,5,3295,0.20300866663455963,-0.38891482
Cyp8b1,CLP,6,3295,0.19862115383148193,-0.3239999
Cyp8b1,CLP,7,3295,0.18887194991111755,-0.2528145
Cyp8b1,CLP,8,3295,0.13066892325878143,-0.17021167
Cyp8b1,CLP,9,3295,0.1153278648853302,-0.053990714
Cyp27a1,Sham,0,3420,1.3482779264450073,-0.7282628
Cyp27a1,Sham,1,3419,1.4492506980895996,-0.5630905
Cyp27a1,Sham,2,3420,1.4332151412963867,-0.48928714
Cyp27a1,Sham,3,3419,1.4486252069473267,-0.44062132
Cyp27a1,Sham,4,3419,1.473882794380188,-0.39919755
Cyp27a1,Sham,5,3420,1.4670344591140747,-0.35999492
Cyp27a1,Sham,6,3419,1.4746179580688477,-0.32021022
Cyp27a1,Sham,7,3420,1.466264247894287,-0.27493734000000003
Cyp27a1,Sham,8,3419,1.4516180753707886,-0.21551788
Cyp27a1,Sham,9,3420,1.5349903106689453,-0.11035838749999999
Cyp27a1,CLP,0,3295,0.9819304943084717,-0.7252295
Cyp27a1,CLP,1,3295,0.8939962387084961,-0.6332191
Cyp27a1,CLP,2,3295,0.8740221261978149,-0.56623507
Cyp27a1,CLP,3,3295,0.8731651306152344,-0.5058848
Cyp27a1,CLP,4,3295,0.9318645596504211,-0.4482787
Cyp27a1,CLP,5,3295,0.9846490621566772,-0.38891482
Cyp27a1,CLP,6,3295,0.9911146759986877,-0.3239999
Cyp27a1,CLP,7,3295,0.8948742151260376,-0.2528145
Cyp27a1,CLP,8,3295,0.7954538464546204,-0.17021167
Cyp27a1,CLP,9,3295,1.068249225616455,-0.053990714
Nr1h3,Sham,0,3420,0.5257592797279358,-0.7282628
Nr1h3,Sham,1,3419,0.4847763776779175,-0.5630905
Nr1h3,Sham,2,3420,0.45455607771873474,-0.48928714
Nr1h3,Sham,3,3419,0.46969228982925415,-0.44062132
Nr1h3,Sham,4,3419,0.45852765440940857,-0.39919755
Nr1h3,Sham,5,3420,0.4294900596141815,-0.35999492
Nr1h3,Sham,6,3419,0.44195979833602905,-0.32021022
Nr1h3,Sham,7,3420,0.4372013807296753,-0.27493734000000003
Nr1h3,Sham,8,3419,0.44787487387657166,-0.21551788
Nr1h3,Sham,9,3420,0.44998788833618164,-0.11035838749999999
Nr1h3,CLP,0,3295,0.3877006769180298,-0.7252295
Nr1h3,CLP,1,3295,0.3924599885940552,-0.6332191
Nr1h3,CLP,2,3295,0.39065441489219666,-0.56623507
Nr1h3,CLP,3,3295,0.3753851354122162,-0.5058848
Nr1h3,CLP,4,3295,0.3641391098499298,-0.4482787
Nr1h3,CLP,5,3295,0.3696724772453308,-0.38891482
Nr1h3,CLP,6,3295,0.3506123125553131,-0.3239999
Nr1h3,CLP,7,3295,0.29845377802848816,-0.2528145
Nr1h3,CLP,8,3295,0.30203819274902344,-0.17021167
Nr1h3,CLP,9,3295,0.2791116535663605,-0.053990714
Nr1h2,Sham,0,3420,0.2725188434123993,-0.7282628
Nr1h2,Sham,1,3419,0.28261157870292664,-0.5630905
Nr1h2,Sham,2,3420,0.2996808588504791,-0.48928714
Nr1h2,Sham,3,3419,0.2860613763332367,-0.44062132
Nr1h2,Sham,4,3419,0.2887555658817291,-0.39919755
Nr1h2,Sham,5,3420,0.2947217524051666,-0.35999492
Nr1h2,Sham,6,3419,0.3100633919239044,-0.32021022
Nr1h2,Sham,7,3420,0.29830464720726013,-0.27493734000000003
Nr1h2,Sham,8,3419,0.2906612157821655,-0.21551788
Nr1h2,Sham,9,3420,0.2643252909183502,-0.11035838749999999
Nr1h2,CLP,0,3295,0.12746089696884155,-0.7252295
Nr1h2,CLP,1,3295,0.15075573325157166,-0.6332191
Nr1h2,CLP,2,3295,0.18618646264076233,-0.56623507
Nr1h2,CLP,3,3295,0.19523845613002777,-0.5058848
Nr1h2,CLP,4,3295,0.19181488454341888,-0.4482787
Nr1h2,CLP,5,3295,0.196915864944458,-0.38891482
Nr1h2,CLP,6,3295,0.19348855316638947,-0.3239999
Nr1h2,CLP,7,3295,0.18373487889766693,-0.2528145
Nr1h2,CLP,8,3295,0.17185012996196747,-0.17021167
Nr1h2,CLP,9,3295,0.16760998964309692,-0.053990714
Nr1h4,Sham,0,3420,1.937247395515442,-0.7282628
Nr1h4,Sham,1,3419,1.826196551322937,-0.5630905
Nr1h4,Sham,2,3420,1.8163822889328003,-0.48928714
Nr1h4,Sham,3,3419,1.7942087650299072,-0.44062132
Nr1h4,Sham,4,3419,1.802438497543335,-0.39919755
Nr1h4,Sham,5,3420,1.7881031036376953,-0.35999492
Nr1h4,Sham,6,3419,1.7595465183258057,-0.32021022
Nr1h4,Sham,7,3420,1.766459345817566,-0.27493734000000003
Nr1h4,Sham,8,3419,1.7471003532409668,-0.21551788
Nr1h4,Sham,9,3420,1.774570345878601,-0.11035838749999999
Nr1h4,CLP,0,3295,1.8988592624664307,-0.7252295
Nr1h4,CLP,1,3295,1.8610830307006836,-0.6332191
Nr1h4,CLP,2,3295,1.8087018728256226,-0.56623507
Nr1h4,CLP,3,3295,1.7896116971969604,-0.5058848
Nr1h4,CLP,4,3295,1.7100279331207275,-0.4482787
Nr1h4,CLP,5,3295,1.6737264394760132,-0.38891482
Nr1h4,CLP,6,3295,1.5810292959213257,-0.3239999
Nr1h4,CLP,7,3295,1.4697766304016113,-0.2528145
Nr1h4,CLP,8,3295,1.363398790359497,-0.17021167
Nr1h4,CLP,9,3295,1.4394181966781616,-0.053990714
Glul,Sham,0,3420,0.39502009749412537,-0.7282628
Glul,Sham,1,3419,0.45739442110061646,-0.5630905
Glul,Sham,2,3420,0.600944459438324,-0.48928714
Glul,Sham,3,3419,0.6947182416915894,-0.44062132
Glul,Sham,4,3419,0.7819069027900696,-0.39919755
Glul,Sham,5,3420,0.8760210871696472,-0.35999492
Glul,Sham,6,3419,0.9704132080078125,-0.32021022
Glul,Sham,7,3420,1.110211730003357,-0.27493734000000003
Glul,Sham,8,3419,1.158640742301941,-0.21551788
Glul,Sham,9,3420,1.5592154264450073,-0.11035838749999999
Glul,CLP,0,3295,0.048641059547662735,-0.7252295
Glul,CLP,1,3295,0.05619869753718376,-0.6332191
Glul,CLP,2,3295,0.07851565629243851,-0.56623507
Glul,CLP,3,3295,0.10778621584177017,-0.5058848
Glul,CLP,4,3295,0.12640215456485748,-0.4482787
Glul,CLP,5,3295,0.13081273436546326,-0.38891482
Glul,CLP,6,3295,0.16398538649082184,-0.3239999
Glul,CLP,7,3295,0.18309739232063293,-0.2528145
Glul,CLP,8,3295,0.26419487595558167,-0.17021167
Glul,CLP,9,3295,0.6687601804733276,-0.053990714
Cyp2e1,Sham,0,3420,1.44645094871521,-0.7282628
Cyp2e1,Sham,1,3419,2.3453049659729004,-0.5630905
Cyp2e1,Sham,2,3420,2.4874696731567383,-0.48928714
Cyp2e1,Sham,3,3419,2.5318360328674316,-0.44062132
Cyp2e1,Sham,4,3419,2.5422375202178955,-0.39919755
Cyp2e1,Sham,5,3420,2.5466620922088623,-0.35999492
Cyp2e1,Sham,6,3419,2.5382585525512695,-0.32021022
Cyp2e1,Sham,7,3420,2.533057451248169,-0.27493734000000003
Cyp2e1,Sham,8,3419,2.5172207355499268,-0.21551788
Cyp2e1,Sham,9,3420,2.4789345264434814,-0.11035838749999999
Cyp2e1,CLP,0,3295,0.5681817531585693,-0.7252295
Cyp2e1,CLP,1,3295,0.722463846206665,-0.6332191
Cyp2e1,CLP,2,3295,0.8648592233657837,-0.56623507
Cyp2e1,CLP,3,3295,1.014636754989624,-0.5058848
Cyp2e1,CLP,4,3295,1.1927109956741333,-0.4482787
Cyp2e1,CLP,5,3295,1.4097297191619873,-0.38891482
Cyp2e1,CLP,6,3295,1.5193021297454834,-0.3239999
Cyp2e1,CLP,7,3295,1.5361651182174683,-0.2528145
Cyp2e1,CLP,8,3295,1.4501112699508667,-0.17021167
Cyp2e1,CLP,9,3295,1.6891072988510132,-0.053990714
Ass1,Sham,0,3420,2.040167808532715,-0.7282628
Ass1,Sham,1,3419,2.027711868286133,-0.5630905
Ass1,Sham,2,3420,1.9386768341064453,-0.48928714
Ass1,Sham,3,3419,1.8161141872406006,-0.44062132
Ass1,Sham,4,3419,1.7163907289505005,-0.39919755
Ass1,Sham,5,3420,1.64207124710083,-0.35999492
Ass1,Sham,6,3419,1.5641038417816162,-0.32021022
Ass1,Sham,7,3420,1.4388748407363892,-0.27493734000000003
Ass1,Sham,8,3419,1.3105571269989014,-0.21551788
Ass1,Sham,9,3420,1.1035836935043335,-0.11035838749999999
Ass1,CLP,0,3295,1.7539880275726318,-0.7252295
Ass1,CLP,1,3295,1.6802879571914673,-0.6332191
Ass1,CLP,2,3295,1.5256099700927734,-0.56623507
Ass1,CLP,3,3295,1.4076613187789917,-0.5058848
Ass1,CLP,4,3295,1.2541043758392334,-0.4482787
Ass1,CLP,5,3295,1.1721571683883667,-0.38891482
Ass1,CLP,6,3295,1.021809697151184,-0.3239999
Ass1,CLP,7,3295,0.7258660197257996,-0.2528145
Ass1,CLP,8,3295,0.48220130801200867,-0.17021167
Ass1,CLP,9,3295,0.33629411458969116,-0.053990714
Cps1,Sham,0,3420,2.5027241706848145,-0.7282628
Cps1,Sham,1,3419,2.6026670932769775,-0.5630905
Cps1,Sham,2,3420,2.6269850730895996,-0.48928714
Cps1,Sham,3,3419,2.633598566055298,-0.44062132
Cps1,Sham,4,3419,2.6324779987335205,-0.39919755
Cps1,Sham,5,3420,2.6345603466033936,-0.35999492
Cps1,Sham,6,3419,2.6276321411132812,-0.32021022
Cps1,Sham,7,3420,2.6108973026275635,-0.27493734000000003
Cps1,Sham,8,3419,2.5873947143554688,-0.21551788
Cps1,Sham,9,3420,2.404691696166992,-0.11035838749999999
Cps1,CLP,0,3295,2.562808036804199,-0.7252295
Cps1,CLP,1,3295,2.557159662246704,-0.6332191
Cps1,CLP,2,3295,2.512577533721924,-0.56623507
Cps1,CLP,3,3295,2.4719810485839844,-0.5058848
Cps1,CLP,4,3295,2.4564006328582764,-0.4482787
Cps1,CLP,5,3295,2.4234018325805664,-0.38891482
Cps1,CLP,6,3295,2.3559622764587402,-0.3239999
Cps1,CLP,7,3295,2.190835952758789,-0.2528145
Cps1,CLP,8,3295,1.775506854057312,-0.17021167
Cps1,CLP,9,3295,1.3287094831466675,-0.053990714
Pck1,Sham,0,3420,2.3787946701049805,-0.7282628
Pck1,Sham,1,3419,2.558802366256714,-0.5630905
Pck1,Sham,2,3420,2.590000867843628,-0.48928714
Pck1,Sham,3,3419,2.594827890396118,-0.44062132
Pck1,Sham,4,3419,2.592430591583252,-0.39919755
Pck1,Sham,5,3420,2.5994157791137695,-0.35999492
Pck1,Sham,6,3419,2.575664520263672,-0.32021022
Pck1,Sham,7,3420,2.5488040447235107,-0.27493734000000003
Pck1,Sham,8,3419,2.5176358222961426,-0.21551788
Pck1,Sham,9,3420,2.360779285430908,-0.11035838749999999
Pck1,CLP,0,3295,2.3020951747894287,-0.7252295
Pck1,CLP,1,3295,2.3189876079559326,-0.6332191
Pck1,CLP,2,3295,2.3005311489105225,-0.56623507
Pck1,CLP,3,3295,2.2915420532226562,-0.5058848
Pck1,CLP,4,3295,2.2708499431610107,-0.4482787
Pck1,CLP,5,3295,2.247791290283203,-0.38891482
Pck1,CLP,6,3295,2.1797409057617188,-0.3239999
Pck1,CLP,7,3295,2.0139942169189453,-0.2528145
Pck1,CLP,8,3295,1.674220085144043,-0.17021167
Pck1,CLP,9,3295,1.3949025869369507,-0.053990714
Apoe,Sham,0,3420,2.1677451133728027,-0.7282628
Apoe,Sham,1,3419,2.612522602081299,-0.5630905
Apoe,Sham,2,3420,2.684422492980957,-0.48928714
Apoe,Sham,3,3419,2.699737071990967,-0.44062132
Apoe,Sham,4,3419,2.710139513015747,-0.39919755
Apoe,Sham,5,3420,2.713843822479248,-0.35999492
Apoe,Sham,6,3419,2.7089152336120605,-0.32021022
Apoe,Sham,7,3420,2.699122428894043,-0.27493734000000003
Apoe,Sham,8,3419,2.689871072769165,-0.21551788
Apoe,Sham,9,3420,2.5945050716400146,-0.11035838749999999
Apoe,CLP,0,3295,1.517572045326233,-0.7252295
Apoe,CLP,1,3295,1.5760977268218994,-0.6332191
Apoe,CLP,2,3295,1.6598740816116333,-0.56623507
Apoe,CLP,3,3295,1.721247911453247,-0.5058848
Apoe,CLP,4,3295,1.7665419578552246,-0.4482787
Apoe,CLP,5,3295,1.7988260984420776,-0.38891482
Apoe,CLP,6,3295,1.850916862487793,-0.3239999
Apoe,CLP,7,3295,1.895535945892334,-0.2528145
Apoe,CLP,8,3295,1.8910808563232422,-0.17021167
Apoe,CLP,9,3295,1.8699557781219482,-0.053990714
Apob,Sham,0,3420,1.8894513845443726,-0.7282628
Apob,Sham,1,3419,1.7813268899917603,-0.5630905
Apob,Sham,2,3420,1.7172391414642334,-0.48928714
Apob,Sham,3,3419,1.6903760433197021,-0.44062132
Apob,Sham,4,3419,1.6784433126449585,-0.39919755
Apob,Sham,5,3420,1.6378095149993896,-0.35999492
Apob,Sham,6,3419,1.676053762435913,-0.32021022
Apob,Sham,7,3420,1.6820634603500366,-0.27493734000000003
Apob,Sham,8,3419,1.6395145654678345,-0.21551788
Apob,Sham,9,3420,1.6661787033081055,-0.11035838749999999
Apob,CLP,0,3295,1.9854084253311157,-0.7252295
Apob,CLP,1,3295,1.9974501132965088,-0.6332191
Apob,CLP,2,3295,2.000861644744873,-0.56623507
Apob,CLP,3,3295,2.0095596313476562,-0.5058848
Apob,CLP,4,3295,2.028238534927368,-0.4482787
Apob,CLP,5,3295,1.9992181062698364,-0.38891482
Apob,CLP,6,3295,1.969051718711853,-0.3239999
Apob,CLP,7,3295,1.81824791431427,-0.2528145
Apob,CLP,8,3295,1.6644320487976074,-0.17021167
Apob,CLP,9,3295,1.6764975786209106,-0.053990714
Apoa1,Sham,0,3420,2.097658634185791,-0.7282628
Apoa1,Sham,1,3419,2.418588161468506,-0.5630905
Apoa1,Sham,2,3420,2.4696462154388428,-0.48928714
Apoa1,Sham,3,3419,2.484473943710327,-0.44062132
Apoa1,Sham,4,3419,2.484431028366089,-0.39919755
Apoa1,Sham,5,3420,2.4819016456604004,-0.35999492
Apoa1,Sham,6,3419,2.4904541969299316,-0.32021022
Apoa1,Sham,7,3420,2.4647655487060547,-0.27493734000000003
Apoa1,Sham,8,3419,2.4434473514556885,-0.21551788
Apoa1,Sham,9,3420,2.372704029083252,-0.11035838749999999
Apoa1,CLP,0,3295,2.0469765663146973,-0.7252295
Apoa1,CLP,1,3295,2.11210036277771,-0.6332191
Apoa1,CLP,2,3295,2.1698250770568848,-0.56623507
Apoa1,CLP,3,3295,2.2134039402008057,-0.5058848
Apoa1,CLP,4,3295,2.2508554458618164,-0.4482787
Apoa1,CLP,5,3295,2.2681357860565186,-0.38891482
Apoa1,CLP,6,3295,2.2786710262298584,-0.3239999
Apoa1,CLP,7,3295,2.2525177001953125,-0.2528145
Apoa1,CLP,8,3295,2.2320399284362793,-0.17021167
Apoa1,CLP,9,3295,2.1940925121307373,-0.053990714
